Time, Moisture
1711316185.9061966, 0.1
1711316188.1101506, 0.1
1711316189.4776466, 0.1
1711316452.3259044, 4.2
1711316453.2039678, 4.2
1711316454.0390577, 4.2
1711316454.6510894, 4.2
1711316646.9098742, 6.1
1711316647.722371, 6.1
1711316648.4726298, 6.1
1711316764.2993822, 7.9
1711316765.0732305, 7.9
1711316766.0673416, 7.9
1711316766.900939, 7.9
1711316996.1528344, 8.4
1711316997.0697303, 8.4
1711316998.6229713, 8.4
1711316999.416735, 8.4
